doc_id,token_id,text,c_id,c_name
809,1,TürkiyeninNabzı,2,Event/Activity
809,2,başladı,1,Trash
809,3,arslandidem,11,ID
809,4,konukları,1,Trash
809,5,gunaydingokhan,1,Trash
809,6,yhacisalihoglu,1,Trash
809,7,Prof,1,Trash
809,8,Dr,1,Trash
809,9,Fuat,3,Name
809,10,Keyman,3,Name
809,11,hby34,1,Trash
809,12,Doç,1,Trash
809,13,Dr,1,Trash
809,14,Barış,3,Name
809,15,Doster,3,Name
809,16,mervesebnem,1,Trash
809,17,jrhlgN6tv4,1,Trash
810,1,DEAŞ,6,Company
810,2,ın,1,Trash
810,3,füzecisi,1,Trash
810,4,Adana,9,Place
810,5,da,1,Trash
810,6,atık,1,Trash
810,7,toplarken,1,Trash
810,8,yakalandı,1,Trash
810,9,2swbGZcaji,1,Trash
810,10,b62dZofJWo,1,Trash
811,1,TürkiyeninNabzı,2,Event/Activity
811,2,nda,1,Trash
811,3,bu,1,Trash
811,4,akşam,1,Trash
811,5,21,5,Date
811,6,0,5,Date
811,7,de,1,Trash
811,8,arslandidem,11,ID
811,9,konukları,1,Trash
811,10,gunaydingokhan,11,ID
811,11,yhacisalihoglu,11,ID
811,12,Prof,1,Trash
811,13,Dr,1,Trash
811,14,Fuat,3,Name
811,15,Keyman,3,Name
811,16,hby34,1,Trash
811,17,Doç,1,Trash
811,18,Dr,1,Trash
811,19,Barış,3,Name
811,20,Doster,3,Name
811,21,mervesebnem,11,ID
811,22,jrmxFOPmaE,1,Trash
814,1,Hakan,3,Name
814,2,Atilla,3,Name
814,3,ya,1,Trash
814,4,verilen,1,Trash
814,5,ceza,1,Trash
814,6,belli,1,Trash
814,7,oldu,1,Trash
814,8,TSHQeLaQC6,1,Trash
814,9,BQGOUnlY2u,1,Trash
815,1,BBC,6,Company
815,2,Trump,3,Name
815,3,müttefiklerini,1,Trash
815,4,şaşkına,1,Trash
815,5,çevirdi,1,Trash
815,6,eXz2MHPe9y,1,Trash
815,7,3WRVLF88jj,1,Trash
816,1,Başbakan,8,Job
816,2,Yardımcısı,8,Job
816,3,Recep,3,Name
816,4,Akdağ,3,Name
816,5,İsrail,9,Place
816,6,Mısır,9,Place
816,7,yaralıları,1,Trash
816,8,taşıyacak,1,Trash
816,9,uçağa,1,Trash
816,10,izin,1,Trash
816,11,vermedi,1,Trash
816,12,qF5sBzEuFe,1,Trash
816,13,0X1eMuP8Mk,1,Trash
817,1,İETT,6,Company
817,2,den,1,Trash
817,3,Ramazan,2,Event/Activity
817,4,a,1,Trash
817,5,özel,1,Trash
817,6,otobüs,1,Trash
817,7,hatları,1,Trash
817,8,rtfLkLoDAx,1,Trash
817,9,06hdPvbu9T,1,Trash
818,1,Almanya,9,Place
818,2,daki,1,Trash
818,3,gelin,1,Trash
818,4,Diyarbakır,9,Place
818,5,daki,1,Trash
818,6,düğününe,1,Trash
818,7,görüntülü,1,Trash
818,8,katıldı,1,Trash
818,9,yAW0GtBaJv,1,Trash
818,10,pxFCzWkn7e,1,Trash
819,1,SON,1,Trash
819,2,DAKİKA,1,Trash
819,3,HAKAN,3,Name
819,4,ATİLLA,3,Name
819,5,YA,1,Trash
819,6,32,1,Trash
819,7,AY,1,Trash
819,8,CEZA,1,Trash
819,9,ATİLLA,3,Name
819,10,NIN,1,Trash
819,11,TUTUKLU,1,Trash
819,12,KALDIĞI,1,Trash
819,13,SÜRE,1,Trash
819,14,CEZASINDAN,1,Trash
819,15,DÜŞÜLECEK,1,Trash
820,1,SON,1,Trash
820,2,DAKİKA,1,Trash
820,3,HAKAN,3,Name
820,4,ATİLLA,3,Name
820,5,YA,1,Trash
820,6,32,1,Trash
820,7,AY,1,Trash
820,8,CEZA,1,Trash
820,9,ABD,9,Place
820,10,ESKİ,1,Trash
820,11,HALKBANK,6,Company
820,12,YÖNETİCİSİ,8,Job
820,13,ATİLLA,3,Name
820,14,NIN,1,Trash
820,15,CEZASINI,1,Trash
820,16,AÇIKLADI,1,Trash
821,1,SON,1,Trash
821,2,DAKİKA,1,Trash
821,3,HAKAN,3,Name
821,4,ATİLLA,3,Name
821,5,DAVASINDA,1,Trash
821,6,KARAR,1,Trash
821,7,ABD,9,Place
821,8,MAHKEMESİ,1,Trash
821,9,ATİLLA,3,Name
821,10,YA,1,Trash
821,11,32,1,Trash
821,12,AY,1,Trash
821,13,HAPİS,1,Trash
821,14,CEZASI,1,Trash
821,15,VERDİ,1,Trash
822,1,Oruç,1,Trash
822,2,metabolizmanızı,1,Trash
822,3,yavaşlatmasın,1,Trash
822,4,İftardan,1,Trash
822,5,sonra,1,Trash
822,6,ulm4OG4R52,1,Trash
822,7,xPd8FWNoiZ,1,Trash
823,1,Okul,9,Place
823,2,bahçesinde,1,Trash
823,3,yolcu,1,Trash
823,4,uçağı,1,Trash
823,5,sWk8pwMof1,1,Trash
823,6,EuMjUiqimU,1,Trash
824,1,Anadolu,6,Company
824,2,Farm,6,Company
824,3,firmasına,6,Company
824,4,üye,1,Trash
824,5,topladığı,1,Trash
824,6,ileri,1,Trash
824,7,sürülen,1,Trash
824,8,şüpheli,1,Trash
824,9,gözaltına,1,Trash
824,10,alındı,1,Trash
824,11,vny6DXOtdZ,1,Trash
824,12,SPvRb26PkZ,1,Trash
825,1,Kürdan,1,Trash
825,2,ağırlığında,1,Trash
825,3,robot,1,Trash
825,4,böcek,1,Trash
825,5,üretildi,1,Trash
825,6,mQ1vvm82r2,1,Trash
825,7,uCCU6wMn5M,1,Trash
826,1,Büyükelçi,8,Job
826,2,gitti,1,Trash
826,3,başkonsolosa,8,Job
826,4,da,1,Trash
826,5,yol,1,Trash
826,6,göründü,1,Trash
826,7,1TJYUHQqbA,1,Trash
826,8,Wy8GDf3Boc,1,Trash
827,1,Baklavacılar,8,Job
827,2,isyan,1,Trash
827,3,etti,1,Trash
827,4,Bir,1,Trash
827,5,şartla,1,Trash
827,6,baklava,1,Trash
827,7,yaparız,1,Trash
827,8,3Yvd36aPnx,1,Trash
827,9,1bYCvvW9bQ,1,Trash
828,1,Futbolculara,8,Job
828,2,dayak,1,Trash
828,3,Taraftarlar,1,Trash
828,4,antrenmanı,1,Trash
828,5,bastı,1,Trash
828,6,4G6fRLhIPK,1,Trash
828,7,Mvtot5QXvt,1,Trash
829,1,Güneşin,1,Trash
829,2,erittiği,1,Trash
829,3,kadın,1,Trash
829,4,organlarını,1,Trash
829,5,bir,1,Trash
829,6,bir,1,Trash
829,7,kaybediyor,1,Trash
829,8,91LzQ0l2sw,1,Trash
829,9,SyFhXXj6nD,1,Trash
830,1,Avukat,8,Job
830,2,FETÖ,1,Trash
830,3,propagandası,1,Trash
830,4,ndan,1,Trash
830,5,tutuklandı,1,Trash
830,6,yWiDLYaOCY,1,Trash
830,7,60lOBkDB6p,1,Trash
831,1,Türkiye,9,Place
831,2,de,1,Trash
831,3,gençlerin,1,Trash
831,4,ne,1,Trash
831,5,kadarı,1,Trash
831,6,mutlu,1,Trash
831,7,W8eRRXCNKH,1,Trash
831,8,CGpPGOXRT0,1,Trash
832,1,Uzmanlar,8,Job
832,2,uyardı,1,Trash
832,3,Bugünden,1,Trash
832,4,itibaren,1,Trash
832,5,Türkiye,9,Place
832,6,çöl,1,Trash
832,7,tozu,1,Trash
832,8,etkisinde,1,Trash
832,9,kalacak,1,Trash
832,10,nVRWB3sfhy,1,Trash
832,11,9tUFkC7Dl1,1,Trash
833,1,Arap,6,Company
833,2,Birliği,6,Company
833,3,Kudüs,8,Job
833,4,için,1,Trash
833,5,olağanüstü,1,Trash
833,6,toplandı,1,Trash
833,7,UMN3gxG6sn,1,Trash
833,8,vnamNhfo3u,1,Trash
834,1,FETÖ,1,Trash
834,2,ye,1,Trash
834,3,ankesörlü,1,Trash
834,4,telefon,1,Trash
834,5,operasyonu,1,Trash
834,6,IknGWJQAG1,1,Trash
834,7,CJ57YTB1gp,1,Trash
835,1,Beşiktaş,6,Company
835,2,Trabzonspor,6,Company
835,3,Sosa,3,Name
835,4,için,1,Trash
835,5,rotayı,1,Trash
835,6,çizdi,1,Trash
835,7,Takas,1,Trash
835,8,formülü,1,Trash
835,9,gtK5VaABMx,1,Trash
835,10,nhfU5kM81F,1,Trash
836,1,Washington,8,Job
836,2,Büyükelçisi,8,Job
836,3,Kılıç,3,Name
836,4,Hükümetimiz,1,Trash
836,5,çağırdı,1,Trash
836,6,geldik,1,Trash
836,7,3aCRb9JZ4O,1,Trash
836,8,EL6hKfroHF,1,Trash
837,1,Felaket,1,Trash
837,2,filmleri,1,Trash
837,3,gibi,1,Trash
837,4,ABD,9,Place
837,5,yi,1,Trash
837,6,fırtına,1,Trash
837,7,vurdu,1,Trash
837,8,UpBIg3lWI4,1,Trash
837,9,MUfiXSiZqI,1,Trash
838,1,Kanada,8,Job
838,2,Başbakanı,8,Job
838,3,Trudeau,3,Name
838,4,dan,1,Trash
838,5,Ramazan,2,Event/Activity
838,6,mesajı,1,Trash
838,7,105FvdwWvc,1,Trash
838,8,41cKxgMyAR,1,Trash
839,1,Kaçak,1,Trash
839,2,geçiş,1,Trash
839,3,indirimine,1,Trash
839,4,Avrasya,1,Trash
839,5,Tüneli,1,Trash
839,6,de,1,Trash
839,7,dahil,1,Trash
839,8,edildi,1,Trash
839,9,QOp9kLEYGQ,1,Trash
839,10,AnUQAxZUAv,1,Trash
840,1,Her,1,Trash
840,2,10,1,Trash
840,3,kişinin,1,Trash
840,4,3,1,Trash
840,5,ü,1,Trash
840,6,hipertansiyon,1,Trash
840,7,hastası,1,Trash
840,8,tLSKPZ2X7O,1,Trash
840,9,MZUkQgXNyM,1,Trash
841,1,TürkiyeninNabzı,1,Trash
841,2,nda,1,Trash
841,3,bu,1,Trash
841,4,akşam,1,Trash
841,5,21,1,Trash
841,6,0,1,Trash
841,7,de,1,Trash
841,8,arslandidem,11,ID
841,9,konukları,1,Trash
841,10,gunaydingokhan,11,ID
841,11,yhacisalihoglu,11,ID
841,12,Prof,8,Job
841,13,Dr,8,Job
841,14,Fuat,3,Name
841,15,Keyman,3,Name
841,16,hby34,1,Trash
841,17,Doç,8,Job
841,18,Dr,8,Job
841,19,Barış,3,Name
841,20,Doster,3,Name
841,21,mervesebnem,11,ID
841,22,odzBlUp0pV,1,Trash
842,1,Eşini,1,Trash
842,2,keserle,1,Trash
842,3,öldüren,1,Trash
842,4,koca,1,Trash
842,5,her,1,Trash
842,6,şeyi,1,Trash
842,7,itiraf,1,Trash
842,8,etti,1,Trash
842,9,PsN5RKKK9u,1,Trash
842,10,QQ0BRy9B5H,1,Trash
843,1,Onları,1,Trash
843,2,toplayabilmek,1,Trash
843,3,için,1,Trash
843,4,ayılarla,1,Trash
843,5,yarışıyorlar,1,Trash
843,6,1WPvdwKyo4,1,Trash
843,7,LsH7hqfqUP,1,Trash
844,1,Cumhurbaşkanı,8,Job
844,2,Erdoğan,3,Name
844,3,dan,1,Trash
844,4,Kudüs,9,Place
844,5,için,1,Trash
844,6,telefon,1,Trash
844,7,diplomasisi,1,Trash
844,8,AxMqko6Y1j,1,Trash
844,9,5Kx1mj01oE,1,Trash
845,1,Görenler,1,Trash
845,2,çok,1,Trash
845,3,şaşırıyor,1,Trash
845,4,Bu,1,Trash
845,5,ekmeğin,1,Trash
845,6,tanesi,1,Trash
845,7,80,1,Trash
845,8,TL,1,Trash
845,9,lM6Yj0Di1o,1,Trash
845,10,i3GIq6H4FS,1,Trash
846,1,Her,1,Trash
846,2,şey,1,Trash
846,3,dahil,1,Trash
846,4,sistemini,1,Trash
846,5,yanlış,1,Trash
846,6,anladı,1,Trash
846,7,Bavulundan,1,Trash
846,8,öyle,1,Trash
846,9,şeyler,1,Trash
846,10,çıktı,1,Trash
846,11,ki,1,Trash
846,12,I6UGWsJrVj,1,Trash
846,13,xftx0OclMk,1,Trash
847,1,ABD,9,Place
847,2,den,1,Trash
847,3,sonra,1,Trash
847,4,bir,1,Trash
847,5,ülke,1,Trash
847,6,daha,1,Trash
847,7,Kudüs,9,Place
847,8,te,1,Trash
847,9,büyükelçilik,8,Job
847,10,açtı,1,Trash
847,11,0U6FZhBV8e,1,Trash
847,12,SaMsVKnUc4,1,Trash
848,1,En,1,Trash
848,2,yüksek,1,Trash
848,3,hacimli,1,Trash
848,4,ilk,1,Trash
848,5,100,1,Trash
848,6,kripto,1,Trash
848,7,paradan,1,Trash
848,8,93,1,Trash
848,9,ü,1,Trash
848,10,düştü,1,Trash
848,11,İşte,1,Trash
848,12,düşüş,1,Trash
848,13,oranları,1,Trash
848,14,fA5sibkT0n,1,Trash
848,15,UlLW1G2uaJ,1,Trash
849,1,Eski,1,Trash
849,2,sevgilisine,1,Trash
849,3,dava,1,Trash
849,4,açtı,1,Trash
849,5,Köpek,1,Trash
849,6,kimde,1,Trash
849,7,kalacak,1,Trash
849,8,ymbD6PJhG6,1,Trash
849,9,BgzIZA22aO,1,Trash
850,1,Saplantılı,1,Trash
850,2,hayranı,1,Trash
850,3,korkuttu,1,Trash
850,4,12,1,Trash
850,5,saat,1,Trash
850,6,evinde,1,Trash
850,7,kaldı,1,Trash
850,8,R7tfGPMh5d,1,Trash
850,9,0s68VXw8CN,1,Trash
851,1,İstanbul,9,Place
851,2,Boğazı,9,Place
851,3,na,1,Trash
851,4,EDS,1,Trash
851,5,geliyor,1,Trash
851,6,nfk3d2lOyU,1,Trash
851,7,8yZStqWjDS,1,Trash
852,1,Whatsapp,1,Trash
852,2,bu,1,Trash
852,3,sabah,1,Trash
852,4,değişti,1,Trash
852,5,yHS5LehDnt,1,Trash
852,6,dW9myYqBVM,1,Trash
853,1,Hindistan,9,Place
853,2,da,1,Trash
853,3,üst,1,Trash
853,4,geçit,1,Trash
853,5,çöktü,1,Trash
853,6,18,1,Trash
853,7,ölü,1,Trash
853,8,syBwYGG1AX,1,Trash
853,9,ZTG85tYmcx,1,Trash
854,1,7,5,Date
854,2,Mayıs,5,Date
854,3,ta,1,Trash
854,4,beyin,1,Trash
854,5,ölümü,1,Trash
854,6,gerçekleşen,1,Trash
854,7,Salih,3,Name
854,8,Mirzabeyoğlu,3,Name
854,9,vefat,1,Trash
854,10,etti,1,Trash
854,11,wuYfKiDco8,1,Trash
854,12,lRXmFrg8ip,1,Trash
855,1,Endonezya,3,Name
855,2,da,1,Trash
855,3,polis,1,Trash
855,4,merkezine,1,Trash
855,5,bıçaklı,1,Trash
855,6,saldırı,1,Trash
855,7,mvOwlgeTQ1,1,Trash
855,8,xZ2K7PvVnV,1,Trash
856,1,Merkez,6,Company
856,2,Bankası,6,Company
856,3,ndan,1,Trash
856,4,dolardaki,1,Trash
856,5,harekete,1,Trash
856,6,ilişkin,1,Trash
856,7,açıklama,1,Trash
856,8,W8awZdoEJA,1,Trash
856,9,NMo2Zz9BpL,1,Trash
857,1,Sabah,1,Trash
857,2,saatlerinde,1,Trash
857,3,gözaltına,1,Trash
857,4,alınan,1,Trash
857,5,Barış,3,Name
857,6,Atay,3,Name
857,7,adliyeye,1,Trash
857,8,sevk,1,Trash
857,9,edildi,1,Trash
857,10,2s0sOF5gKt,1,Trash
857,11,DVR0wNs52g,1,Trash
858,1,DEAŞ,1,Trash
858,2,ın,1,Trash
858,3,füzecisi,1,Trash
858,4,Adana,9,Place
858,5,da,1,Trash
858,6,atık,1,Trash
858,7,toplarken,1,Trash
858,8,yakalandı,1,Trash
858,9,2swbGZcaji,1,Trash
858,10,MIwq8IOLRs,1,Trash
859,1,Anne,3,Name
859,2,Frank,3,Name
859,3,ın,1,Trash
859,4,günlüğünde,1,Trash
859,5,iki,1,Trash
859,6,yeni,1,Trash
859,7,sayfa,1,Trash
859,8,bulundu,1,Trash
859,9,Cinsel,1,Trash
859,10,içerikli,1,Trash
859,11,fıkralar,1,Trash
859,12,yer,1,Trash
859,13,alıyor,1,Trash
859,14,GKpfMOb1vx,1,Trash
859,15,7oxOovLpYk,1,Trash
860,1,Polisten,8,Job
860,2,kaçan,1,Trash
860,3,çıplak,1,Trash
860,4,çete,1,Trash
860,5,üyesi,1,Trash
860,6,camdan,1,Trash
860,7,düştü,1,Trash
860,8,ehxtIlD0P7,1,Trash
860,9,Kkg3ydVNyw,1,Trash
861,1,BBC,6,Company
861,2,Trump,3,Name
861,3,müttefiklerini,1,Trash
861,4,şaşkına,1,Trash
861,5,çevirdi,1,Trash
861,6,eXz2MHPe9y,1,Trash
861,7,t0k7xr0z8w,1,Trash
862,1,Başbakan,8,Job
862,2,Yardımcısı,8,Job
862,3,Recep,3,Name
862,4,Akdağ,3,Name
862,5,İsrail,9,Place
862,6,Mısır,9,Place
862,7,yaralıları,1,Trash
862,8,taşıyacak,1,Trash
862,9,uçağa,1,Trash
862,10,izin,1,Trash
862,11,vermedi,1,Trash
862,12,qF5sBzEuFe,1,Trash
862,13,XumGN85n2n,1,Trash
863,1,İETT,6,Company
863,2,den,1,Trash
863,3,Ramazan,2,Event/Activity
863,4,a,1,Trash
863,5,özel,1,Trash
863,6,otobüs,1,Trash
863,7,hatları,1,Trash
863,8,rtfLkLoDAx,1,Trash
863,9,KATgccPDU8,1,Trash
864,1,Almanya,9,Place
864,2,daki,1,Trash
864,3,gelin,1,Trash
864,4,Diyarbakır,9,Place
864,5,daki,1,Trash
864,6,düğününe,1,Trash
864,7,görüntülü,1,Trash
864,8,katıldı,1,Trash
864,9,yAW0GtjzkV,1,Trash
864,10,RZglHhEtrI,1,Trash
865,1,TürkiyeninNabzı,1,Trash
865,2,nda,1,Trash
865,3,bu,1,Trash
865,4,akşam,1,Trash
865,5,21,1,Trash
865,6,0,1,Trash
865,7,de,1,Trash
865,8,arslandidem,11,ID
865,9,konukları,1,Trash
865,10,gunaydingokhan,11,ID
865,11,yhacisalihoglu,11,ID
865,12,Prof,8,Job
865,13,Dr,8,Job
865,14,Fuat,3,Name
865,15,Keyman,3,Name
865,16,hby34,1,Trash
865,17,Doç,8,Job
865,18,Dr,8,Job
865,19,Barış,3,Name
865,20,Doster,3,Name
865,21,mervesebnem,11,ID
865,22,soffkVHcA7,1,Trash
866,1,Oruç,1,Trash
866,2,metabolizmanızı,1,Trash
866,3,yavaşlatmasın,1,Trash
866,4,İftardan,1,Trash
866,5,sonra,1,Trash
866,6,ulm4OG4R52,1,Trash
866,7,og3GOqOQzX,1,Trash
867,1,Okul,1,Trash
867,2,bahçesinde,1,Trash
867,3,yolcu,1,Trash
867,4,uçağı,1,Trash
867,5,sWk8pwMof1,1,Trash
867,6,TIawKbfC9I,1,Trash
868,1,Anadolu,6,Company
868,2,Farm,6,Company
868,3,firmasına,6,Company
868,4,üye,1,Trash
868,5,topladığı,1,Trash
868,6,ileri,1,Trash
868,7,sürülen,1,Trash
868,8,şüpheli,1,Trash
868,9,gözaltına,1,Trash
868,10,alındı,1,Trash
868,11,vny6DXOtdZ,1,Trash
868,12,QH6lsZKzGT,1,Trash
869,1,SICAKGELİŞME,1,Trash
869,2,CUMHURBAŞKANI,8,Job
869,3,ERDOĞAN,3,Name
869,4,FİLİSTİN,9,Place
869,5,DEKİ,1,Trash
869,6,SON,1,Trash
869,7,GELİŞMELERLE,1,Trash
869,8,İLGİLİ,1,Trash
869,9,ALMANYA,9,Place
869,10,BAŞBAKANI,8,Job
869,11,MERKEL,3,Name
869,12,LE,1,Trash
869,13,TELEFONDA,1,Trash
869,14,GÖRÜŞTÜ,1,Trash
870,1,Kürdan,1,Trash
870,2,ağırlığında,1,Trash
870,3,robot,1,Trash
870,4,böcek,1,Trash
870,5,üretildi,1,Trash
870,6,mQ1vvm82r2,1,Trash
870,7,BghePP1moK,1,Trash
871,1,Büyükelçi,8,Job
871,2,gitti,1,Trash
871,3,başkonsolosa,8,Job
871,4,da,1,Trash
871,5,yol,1,Trash
871,6,göründü,1,Trash
871,7,1TJYUHQqbA,1,Trash
871,8,uBEtw42ZEj,1,Trash
872,1,Baklavacılar,8,Job
872,2,isyan,1,Trash
872,3,etti,1,Trash
872,4,Bir,1,Trash
872,5,şartla,1,Trash
872,6,baklava,1,Trash
872,7,yaparız,1,Trash
872,8,3Yvd36aPnx,1,Trash
872,9,J17Mmlasno,1,Trash
873,1,Futbolculara,8,Job
873,2,dayak,1,Trash
873,3,Taraftarlar,1,Trash
873,4,antrenmanı,1,Trash
873,5,bastı,1,Trash
873,6,4G6fRLhIPK,1,Trash
873,7,4k9EvgIAGF,1,Trash
874,1,SICAKGELİŞME,1,Trash
874,2,TÜRK,6,Company
874,3,SİLAHLI,6,Company
874,4,KUVVETLERİ,6,Company
874,5,İDLİB,9,Place
874,6,DE,1,Trash
874,7,12,9,Place
874,8,NCİ,1,Trash
874,9,ATEŞKES,9,Place
874,10,GÖZLEM,9,Place
874,11,NOKTASININ,9,Place
874,12,DA,1,Trash
874,13,KURULDUĞUNU,1,Trash
874,14,DUYURDU,1,Trash
875,1,Güneşin,1,Trash
875,2,erittiği,1,Trash
875,3,kadın,1,Trash
875,4,organlarını,1,Trash
875,5,bir,1,Trash
875,6,bir,1,Trash
875,7,kaybediyor,1,Trash
875,8,91LzQ0l2sw,1,Trash
875,9,DADXD0CArY,1,Trash
876,1,Avukat,8,Job
876,2,FETÖ,1,Trash
876,3,propagandası,1,Trash
876,4,ndan,1,Trash
876,5,tutuklandı,1,Trash
876,6,yWiDLYaOCY,1,Trash
876,7,oFtPVAOM5N,1,Trash
877,1,Türkiye,1,Trash
877,2,de,1,Trash
877,3,gençlerin,1,Trash
877,4,ne,1,Trash
877,5,kadarı,1,Trash
877,6,mutlu,1,Trash
877,7,W8eRRXCNKH,1,Trash
877,8,1Rfw9T26LG,1,Trash
878,1,Uzmanlar,1,Trash
878,2,uyardı,1,Trash
878,3,Bugünden,1,Trash
878,4,itibaren,1,Trash
878,5,Türkiye,8,Job
878,6,çöl,1,Trash
878,7,tozu,1,Trash
878,8,etkisinde,1,Trash
878,9,kalacak,1,Trash
878,10,nVRWB3sfhy,1,Trash
878,11,LsHVcso3Jl,1,Trash
879,1,Arap,6,Company
879,2,Birliği,6,Company
879,3,Kudüs,8,Job
879,4,için,1,Trash
879,5,olağanüstü,1,Trash
879,6,toplandı,1,Trash
879,7,UMN3gxG6sn,1,Trash
879,8,O8Lbcs6WlL,1,Trash
880,1,FETÖ,1,Trash
880,2,ye,1,Trash
880,3,ankesörlü,1,Trash
880,4,telefon,1,Trash
880,5,operasyonu,2,Event/Activity
880,6,IknGWJQAG1,1,Trash
880,7,ByWzWNLJAg,1,Trash
881,1,Beşiktaş,6,Company
881,2,Trabzonspor,6,Company
881,3,Sosa,3,Name
881,4,için,1,Trash
881,5,rotayı,1,Trash
881,6,çizdi,1,Trash
881,7,Takas,1,Trash
881,8,formülü,1,Trash
881,9,gtK5VaABMx,1,Trash
881,10,OMwG6XbRFu,1,Trash
882,1,Washington,8,Job
882,2,Büyükelçisi,8,Job
882,3,Kılıç,3,Name
882,4,Hükümetimiz,1,Trash
882,5,çağırdı,1,Trash
882,6,geldik,1,Trash
882,7,3aCRb9JZ4O,1,Trash
882,8,UjcqJA8Tvc,1,Trash
883,1,Felaket,1,Trash
883,2,filmleri,1,Trash
883,3,gibi,1,Trash
883,4,ABD,9,Place
883,5,yi,1,Trash
883,6,fırtına,1,Trash
883,7,vurdu,1,Trash
883,8,UpBIg3lWI4,1,Trash
883,9,MnHaDRBHgv,1,Trash
884,1,Kanada,8,Job
884,2,Başbakanı,8,Job
884,3,Trudeau,3,Name
884,4,dan,1,Trash
884,5,Ramazan,2,Event/Activity
884,6,mesajı,1,Trash
884,7,105FvdwWvc,1,Trash
884,8,0CSUw7vVVx,1,Trash
885,1,Kaçak,1,Trash
885,2,geçiş,1,Trash
885,3,indirimine,1,Trash
885,4,Avrasya,1,Trash
885,5,Tüneli,1,Trash
885,6,de,1,Trash
885,7,dahil,1,Trash
885,8,edildi,1,Trash
885,9,QOp9kLEYGQ,1,Trash
885,10,eIqIgMaAdy,1,Trash
886,1,Her,1,Trash
886,2,10,1,Trash
886,3,kişinin,1,Trash
886,4,3,1,Trash
886,5,ü,1,Trash
886,6,hipertansiyon,1,Trash
886,7,hastası,1,Trash
886,8,tLSKPZ2X7O,1,Trash
886,9,THWZ7Mijuw,1,Trash
887,1,Eşini,1,Trash
887,2,keserle,1,Trash
887,3,öldüren,1,Trash
887,4,koca,1,Trash
887,5,her,1,Trash
887,6,şeyi,1,Trash
887,7,itiraf,1,Trash
887,8,etti,1,Trash
887,9,PsN5RKKK9u,1,Trash
887,10,TmMPu9lb5d,1,Trash
888,1,Onları,1,Trash
888,2,toplayabilmek,1,Trash
888,3,için,1,Trash
888,4,ayılarla,1,Trash
888,5,yarışıyorlar,1,Trash
888,6,1WPvdwKyo4,1,Trash
888,7,qvA9mnjuHB,1,Trash
889,1,Görenler,1,Trash
889,2,çok,1,Trash
889,3,şaşırıyor,1,Trash
889,4,Bu,1,Trash
889,5,ekmeğin,1,Trash
889,6,tanesi,1,Trash
889,7,80,1,Trash
889,8,TL,1,Trash
889,9,lM6Yj0Di1o,1,Trash
889,10,hSQIjNTUwL,1,Trash
894,1,Eski,1,Trash
894,2,sevgilisine,1,Trash
894,3,dava,1,Trash
894,4,açtı,1,Trash
894,5,Köpek,1,Trash
894,6,kimde,1,Trash
894,7,kalacak,1,Trash
894,8,ymbD6PJhG6,1,Trash
894,9,JYvavrZJQF,1,Trash
895,1,Saplantılı,1,Trash
895,2,hayranı,1,Trash
895,3,korkuttu,1,Trash
895,4,12,1,Trash
895,5,saat,1,Trash
895,6,evinde,9,Place
895,7,kaldı,1,Trash
895,8,R7tfGPMh5d,1,Trash
895,9,og1jj7cEeA,1,Trash
896,1,İstanbul,9,Place
896,2,Boğazı,9,Place
896,3,na,1,Trash
896,4,EDS,1,Trash
896,5,geliyor,1,Trash
896,6,nfk3d2lOyU,1,Trash
896,7,JE29RFD8P0,1,Trash
897,1,Whatsapp,6,Company
897,2,bu,1,Trash
897,3,sabah,1,Trash
897,4,değişti,1,Trash
897,5,yHS5LehDnt,1,Trash
897,6,W0YFIx5NGa,1,Trash
898,1,O,1,Trash
898,2,hattın,1,Trash
898,3,metrosu,1,Trash
898,4,da,1,Trash
898,5,sürücüsüz,1,Trash
898,6,olacak,1,Trash
898,7,f2se4YUl0L,1,Trash
898,8,cGkNCAV1m5,1,Trash
899,1,Bir,1,Trash
899,2,kadın,1,Trash
899,3,cinayetinin,1,Trash
899,4,anatomisi,1,Trash
899,5,Bir,1,Trash
899,6,anlık,1,Trash
899,7,öfke,1,Trash
899,8,değil,1,Trash
899,9,planlı,1,Trash
899,10,töre,1,Trash
899,11,cinayeti,1,Trash
899,12,j6hmA3nnWJ,1,Trash
899,13,TjSD4KUNMA,1,Trash
900,1,Hindistan,9,Place
900,2,da,1,Trash
900,3,üst,1,Trash
900,4,geçit,1,Trash
900,5,çöktü,1,Trash
900,6,18,1,Trash
900,7,ölü,1,Trash
900,8,syBwYGG1AX,1,Trash
900,9,mgGSfnYELc,1,Trash
901,1,Seren,3,Name
901,2,Serengil,3,Name
901,3,eski,1,Trash
901,4,sevgilisiyle,1,Trash
901,5,Yaşar,3,Name
901,6,İpek,3,Name
901,7,arasında,1,Trash
901,8,kıskançlık,1,Trash
901,9,davası,1,Trash
901,10,xeYfuMMClY,1,Trash
901,11,KOhVYctqaV,1,Trash
902,1,Mısır,9,Place
902,2,Çarşısı,9,Place
902,3,nın,1,Trash
902,4,çifte,1,Trash
902,5,dervişi,1,Trash
902,6,geri,1,Trash
902,7,döndü,1,Trash
902,8,A5b6S7Jffh,1,Trash
902,9,u9pwYKe8Ag,1,Trash
903,1,7,5,Date
903,2,Mayıs,5,Date
903,3,ta,1,Trash
903,4,beyin,1,Trash
903,5,ölümü,1,Trash
903,6,gerçekleşen,1,Trash
903,7,Salih,3,Name
903,8,Mirzabeyoğlu,3,Name
903,9,vefat,1,Trash
903,10,etti,1,Trash
903,11,wuYfKiDco8,1,Trash
903,12,Yps5HX4RVq,1,Trash
904,1,Endonezya,9,Place
904,2,da,1,Trash
904,3,polis,6,Company
904,4,merkezine,6,Company
904,5,bıçaklı,1,Trash
904,6,saldırı,1,Trash
904,7,mvOwlgeTQ1,1,Trash
904,8,EWAzpFNXzc,1,Trash
905,1,Merkez,6,Company
905,2,Bankası,6,Company
905,3,ndan,1,Trash
905,4,dolardaki,1,Trash
905,5,harekete,1,Trash
905,6,ilişkin,1,Trash
905,7,açıklama,1,Trash
905,8,W8awZdoEJA,1,Trash
905,9,LRdeuSykxs,1,Trash
906,1,İsmailağa,6,Company
906,2,Cemaati,6,Company
906,3,nde,1,Trash
906,4,marka,1,Trash
906,5,kavgası,1,Trash
906,6,vNJQOTH9Z8,1,Trash
906,7,NqJR7ptAxy,1,Trash
907,1,Sivas,9,Place
907,2,merkeze,9,Place
907,3,bağlı,1,Trash
907,4,Olukman,9,Place
907,5,köyünde,9,Place
907,6,yaşayan,1,Trash
907,7,Gökçe,3,Name
907,8,ailesinin,1,Trash
907,9,evinden,1,Trash
907,10,130,1,Trash
907,11,yıl,1,Trash
907,12,sonra,1,Trash
907,13,ilk,1,Trash
907,14,kez,1,Trash
907,15,gelin,1,Trash
907,16,çıktı,1,Trash
907,17,I05l7IYGRA,1,Trash
908,1,Benzin,1,Trash
908,2,motorine,1,Trash
908,3,yeni,1,Trash
908,4,zam,1,Trash
908,5,gündemde,1,Trash
908,6,4FEZ2GaPf6,1,Trash
908,7,UTUo4LCK18,1,Trash
909,1,Güvenlik,6,Company
909,2,Şube,6,Company
909,3,Müdürlüğü,6,Company
909,4,ne,1,Trash
909,5,bağlı,1,Trash
909,6,polisler,8,Job
909,7,Barış,3,Name
909,8,Atay,3,Name
909,9,ı,1,Trash
909,10,gözaltına,1,Trash
909,11,aldı,1,Trash
909,12,2s0sOF5gKt,1,Trash
909,13,WQLYyxRnBs,1,Trash
910,1,SONDAKİKA,1,Trash
910,2,MERKEZ,6,Company
910,3,BANKASI,6,Company
910,4,NDAN,1,Trash
910,5,DOLAR,1,Trash
910,6,AÇIKLAMASI,1,Trash
910,7,PİYASALARDA,1,Trash
910,8,GÖZLENEN,1,Trash
910,9,SAĞLIKSIZ,1,Trash
910,10,FİYAT,1,Trash
910,11,OLUŞUMLARI,1,Trash
910,12,YAKINDAN,1,Trash
910,13,TAKİP,1,Trash
910,14,EDİLMEKTEDİR,1,Trash
910,15,GELİŞMELERİN,1,Trash
910,16,ENFLASYON,1,Trash
910,17,GÖRÜNÜMÜ,1,Trash
910,18,ÜZERİNDEKİ,1,Trash
910,19,ETKİLERİ,1,Trash
910,20,DE,1,Trash
910,21,DİKKATE,1,Trash
910,22,ALINARAK,1,Trash
910,23,GEREKLİ,1,Trash
910,24,ADIMLAR,1,Trash
910,25,ATILACAKTIR,1,Trash
911,1,DEAŞ,1,Trash
911,2,ın,1,Trash
911,3,füzecisi,1,Trash
911,4,Adana,9,Place
911,5,da,1,Trash
911,6,atık,1,Trash
911,7,toplarken,1,Trash
911,8,yakalandı,1,Trash
911,9,2swbGZcaji,1,Trash
911,10,Bl2O2buq2t,1,Trash
912,1,Ramazan,8,Job
912,2,için,1,Trash
912,3,Gaziantep,9,Place
912,4,ten,1,Trash
912,5,İstanbul,9,Place
912,6,a,1,Trash
912,7,gelen,1,Trash
912,8,Çığcı,3,Name
912,9,ailesi,1,Trash
912,10,25,1,Trash
912,11,yıldır,1,Trash
912,12,Avcılar,9,Place
912,13,da,1,Trash
912,14,ramazan,1,Trash
912,15,davulculuğu,8,Job
912,16,yapıyor,1,Trash
912,17,1,1,Trash
912,18,aylık,1,Trash
912,19,emeklerinin,1,Trash
912,20,karşılığı,1,Trash
912,21,ise,1,Trash
912,22,sadece,1,Trash
912,23,topladıkları,1,Trash
912,24,bahşiş,1,Trash
912,25,basakcubukcu,11,ID
912,26,nun,1,Trash
912,27,ÖzelHaber,11,ID
912,28,i,1,Trash
912,29,neYmSCj17S,1,Trash
913,1,Anadolu,6,Company
913,2,Farm,6,Company
913,3,firmasına,1,Trash
913,4,üye,1,Trash
913,5,topladığı,1,Trash
913,6,ileri,1,Trash
913,7,sürülen,1,Trash
913,8,şüpheli,1,Trash
913,9,gözaltına,1,Trash
913,10,alındı,1,Trash
913,11,vny6DXOtdZ,1,Trash
913,12,qFkKjaJ4TQ,1,Trash
914,1,Kürdan,1,Trash
914,2,ağırlığında,1,Trash
914,3,robot,1,Trash
914,4,böcek,1,Trash
914,5,üretildi,1,Trash
914,6,mQ1vvm82r2,1,Trash
914,7,tb5Lb5zj8q,1,Trash
915,1,Büyükelçi,8,Job
915,2,gitti,1,Trash
915,3,başkonsolosa,8,Job
915,4,da,1,Trash
915,5,yol,1,Trash
915,6,göründü,1,Trash
915,7,1TJYUHQqbA,1,Trash
915,8,kbILYAMSFw,1,Trash
916,1,Baklavacılar,8,Job
916,2,isyan,1,Trash
916,3,etti,1,Trash
916,4,Bir,1,Trash
916,5,şartla,1,Trash
916,6,baklava,1,Trash
916,7,yaparız,1,Trash
916,8,3Yvd36aPnx,1,Trash
916,9,m7IFkwZt1v,1,Trash
917,1,Futbolculara,8,Job
917,2,dayak,1,Trash
917,3,Taraftarlar,1,Trash
917,4,antrenmanı,1,Trash
917,5,bastı,1,Trash
917,6,4G6fRLhIPK,1,Trash
917,7,7plTlsSu40,1,Trash
918,1,Habertürk,6,Company
918,2,TV,1,Trash
918,3,DAEŞ,1,Trash
918,4,terör,1,Trash
918,5,örgütünün,1,Trash
918,6,direncinin,1,Trash
918,7,kırıldığı,1,Trash
918,8,yer,1,Trash
918,9,olan,1,Trash
918,10,ÂkilDağı,9,Place
918,11,nda,1,Trash
918,12,muhabir_murat,11,ID
918,13,ın,1,Trash
918,14,hazırlayıp,1,Trash
918,15,sunduğu,1,Trash
918,16,Âkil,9,Place
918,17,Dağı,9,Place
918,18,özel,1,Trash
918,19,dosyası,1,Trash
918,20,Perşembe,5,Date
918,21,gün,1,Trash
918,22,boyu,1,Trash
918,23,Habertürk,6,Company
918,24,TV,1,Trash
918,25,de,1,Trash
918,26,v8sIRjCpCd,1,Trash
919,1,Güneşin,1,Trash
919,2,erittiği,1,Trash
919,3,kadın,1,Trash
919,4,organlarını,1,Trash
919,5,bir,1,Trash
919,6,bir,1,Trash
919,7,kaybediyor,1,Trash
919,8,91LzQ0l2sw,1,Trash
919,9,Hund15tt5D,1,Trash
920,1,Avukat,8,Job
920,2,FETÖ,1,Trash
920,3,propagandası,1,Trash
920,4,ndan,1,Trash
920,5,tutuklandı,1,Trash
920,6,yWiDLYspuw,1,Trash
920,7,yrYP3cg4Wt,1,Trash
921,1,Türkiye,9,Place
921,2,de,1,Trash
921,3,gençlerin,1,Trash
921,4,ne,1,Trash
921,5,kadarı,1,Trash
921,6,mutlu,1,Trash
921,7,W8eRRXCNKH,1,Trash
921,8,YDDBRwnZIf,1,Trash
922,1,Uzmanlar,8,Job
922,2,uyardı,1,Trash
922,3,Bugünden,1,Trash
922,4,itibaren,1,Trash
922,5,Türkiye,4,Address
922,6,çöl,1,Trash
922,7,tozu,1,Trash
922,8,etkisinde,1,Trash
922,9,kalacak,1,Trash
922,10,nVRWB3sfhy,1,Trash
922,11,nTvrmo5LvO,1,Trash
923,1,FETÖ,1,Trash
923,2,ye,1,Trash
923,3,ankesörlü,1,Trash
923,4,telefon,1,Trash
923,5,operasyonu,2,Event/Activity
923,6,IknGWJQAG1,1,Trash
923,7,SajzD0ZD8S,1,Trash
924,1,Beşiktaş,6,Company
924,2,Trabzonspor,6,Company
924,3,Sosa,3,Name
924,4,için,1,Trash
924,5,rotayı,1,Trash
924,6,çizdi,1,Trash
924,7,Takas,1,Trash
924,8,formülü,1,Trash
924,9,gtK5VaABMx,1,Trash
924,10,hHtJYsD4tI,1,Trash
925,1,Kanada,9,Place
925,2,Başbakanı,8,Job
925,3,Trudeau,3,Name
925,4,dan,1,Trash
925,5,Ramazan,1,Trash
925,6,mesajı,1,Trash
925,7,105FvdwWvc,1,Trash
925,8,JEZ13seDtV,1,Trash
926,1,Her,1,Trash
926,2,10,1,Trash
926,3,kişinin,1,Trash
926,4,3,1,Trash
926,5,ü,1,Trash
926,6,hipertansiyon,1,Trash
926,7,hastası,1,Trash
926,8,tLSKPZ2X7O,1,Trash
926,9,Py7TKiMs8N,1,Trash
927,1,Onları,1,Trash
927,2,toplayabilmek,1,Trash
927,3,için,1,Trash
927,4,ayılarla,1,Trash
927,5,yarışıyorlar,1,Trash
927,6,1WPvdwKyo4,1,Trash
927,7,AW7ww8JdNB,1,Trash
928,1,Görenler,1,Trash
928,2,çok,1,Trash
928,3,şaşırıyor,1,Trash
928,4,Bu,1,Trash
928,5,ekmeğin,1,Trash
928,6,tanesi,1,Trash
928,7,80,1,Trash
928,8,TL,1,Trash
928,9,lM6Yj0Di1o,1,Trash
928,10,rfA0rg6E4G,1,Trash
929,1,ABD,9,Place
929,2,den,1,Trash
929,3,sonra,1,Trash
929,4,bir,1,Trash
929,5,ülke,1,Trash
929,6,daha,1,Trash
929,7,Kudüs,9,Place
929,8,te,1,Trash
929,9,büyükelçilik,6,Company
929,10,açtı,1,Trash
929,11,0U6FZhBV8e,1,Trash
929,12,HoW7cwgeW2,1,Trash
930,1,En,1,Trash
930,2,yüksek,1,Trash
930,3,hacimli,1,Trash
930,4,ilk,1,Trash
930,5,100,1,Trash
930,6,kripto,1,Trash
930,7,paradan,1,Trash
930,8,93,1,Trash
930,9,ü,1,Trash
930,10,düştü,1,Trash
930,11,İşte,1,Trash
930,12,düşüş,1,Trash
930,13,oranları,1,Trash
930,14,fA5sibkT0n,1,Trash
930,15,Gc6QkV6uRv,1,Trash
931,1,Saplantılı,1,Trash
931,2,hayranı,1,Trash
931,3,korkuttu,1,Trash
931,4,12,1,Trash
931,5,saat,1,Trash
931,6,evinde,1,Trash
931,7,kaldı,1,Trash
931,8,R7tfGPMh5d,1,Trash
931,9,Y1MY6gvKkE,1,Trash
932,1,Zonguldak,9,Place
932,2,ta,1,Trash
932,3,kömür,1,Trash
932,4,ocaklarında,1,Trash
932,5,çalışan,1,Trash
932,6,işçiler,8,Job
932,7,yerin,1,Trash
932,8,metrelerce,1,Trash
932,9,altında,1,Trash
932,10,ilk,1,Trash
932,11,sahurlarını,1,Trash
932,12,yaptı,1,Trash
932,13,VcStEonqYT,1,Trash
933,1,Whatsapp,6,Company
933,2,bu,1,Trash
933,3,sabah,1,Trash
933,4,değişti,1,Trash
933,5,yHS5LehDnt,1,Trash
933,6,LIqXxYqnif,1,Trash
934,1,Fırat,2,Event/Activity
934,2,Kalkanı,2,Event/Activity
934,3,harekatının,2,Event/Activity
934,4,en,1,Trash
934,5,zorlu,1,Trash
934,6,bölümü,1,Trash
934,7,El,9,Place
934,8,Bab,9,Place
934,9,daki,1,Trash
934,10,Akil,9,Place
934,11,Dağı,9,Place
934,12,nın,1,Trash
934,13,ele,1,Trash
934,14,geçirilmesinde,1,Trash
934,15,adeta,1,Trash
934,16,kahramanlığın,1,Trash
934,17,hikayesi,1,Trash
934,18,yazıldı,1,Trash
934,19,Ekibimizden,1,Trash
934,20,muhabir_murat,11,ID
934,21,TSK,6,Company
934,22,nın,1,Trash
934,23,üssünün,1,Trash
934,24,bulunduğu,1,Trash
934,25,Akil,9,Place
934,26,Dağı,9,Place
934,27,na,1,Trash
934,28,giren,1,Trash
934,29,ilk,1,Trash
934,30,televizyon,1,Trash
934,31,ekibi,1,Trash
934,32,oldu,1,Trash
934,33,o,1,Trash
934,34,gün,1,Trash
934,35,yaşananların,1,Trash
934,36,izini,1,Trash
934,37,sürdü,1,Trash
934,38,ÖzelHaber,11,ID
934,39,DCrl4ZNvEA,1,Trash
935,1,O,1,Trash
935,2,hattın,1,Trash
935,3,metrosu,1,Trash
935,4,da,1,Trash
935,5,sürücüsüz,1,Trash
935,6,olacak,1,Trash
935,7,f2se4YUl0L,1,Trash
935,8,ip4M6MjwV2,1,Trash
936,1,Bir,1,Trash
936,2,kadın,1,Trash
936,3,cinayetinin,1,Trash
936,4,anatomisi,1,Trash
936,5,Bir,1,Trash
936,6,anlık,1,Trash
936,7,öfke,1,Trash
936,8,değil,1,Trash
936,9,planlı,1,Trash
936,10,töre,1,Trash
936,11,cinayeti,1,Trash
936,12,j6hmA3nnWJ,1,Trash
936,13,I3sf2yeQpg,1,Trash
937,1,Bir,1,Trash
937,2,salyangozun,1,Trash
937,3,hücre,1,Trash
937,4,hafızası,1,Trash
937,5,bir,1,Trash
937,6,başka,1,Trash
937,7,salyangoza,1,Trash
937,8,nakledildi,1,Trash
937,9,uNEQtQPXp1,1,Trash
938,1,Son,1,Trash
938,2,bilgilerin,1,Trash
938,3,alındığı,1,Trash
938,4,uçuşun,1,Trash
938,5,her,1,Trash
938,6,saniyesinin,1,Trash
938,7,hesaplandığı,1,Trash
938,8,Pilotlar,6,Company
938,9,Odası,6,Company
938,10,kapılarını,1,Trash
938,11,muhabirimiz,8,Job
938,12,Serkantahmaz,11,ID
938,13,a,1,Trash
938,14,açtı,1,Trash
938,15,U2kPoAItGH,1,Trash
939,1,Hindistan,9,Place
939,2,da,1,Trash
939,3,üst,1,Trash
939,4,geçit,1,Trash
939,5,çöktü,1,Trash
939,6,18,1,Trash
939,7,ölü,1,Trash
939,8,syBwYGG1AX,1,Trash
939,9,7cFpy2sozC,1,Trash
940,1,Seren,3,Name
940,2,Serengil,3,Name
940,3,eski,1,Trash
940,4,sevgilisiyle,1,Trash
940,5,Yaşar,3,Name
940,6,İpek,3,Name
940,7,arasında,1,Trash
940,8,kıskançlık,1,Trash
940,9,davası,1,Trash
940,10,xeYfuMMClY,1,Trash
940,11,HLuUzHYYRI,1,Trash
941,1,Mısır,9,Place
941,2,Çarşısı,9,Place
941,3,nın,1,Trash
941,4,çifte,1,Trash
941,5,dervişi,1,Trash
941,6,geri,1,Trash
941,7,döndü,1,Trash
941,8,A5b6S7Jffh,1,Trash
941,9,AyBkpgySyX,1,Trash
942,1,Endonezya,9,Place
942,2,da,1,Trash
942,3,polis,6,Company
942,4,merkezine,6,Company
942,5,bıçaklı,1,Trash
942,6,saldırı,1,Trash
942,7,mvOwlgeTQ1,1,Trash
942,8,8cT0aRLbBK,1,Trash
943,1,İsmailağa,6,Company
943,2,Cemaati,6,Company
943,3,nde,1,Trash
943,4,marka,1,Trash
943,5,kavgası,1,Trash
943,6,vNJQOTH9Z8,1,Trash
943,7,LpOwerhZT7,1,Trash
944,1,ABD,9,Place
944,2,deki,1,Trash
944,3,Zeugma,1,Trash
944,4,parçaları,1,Trash
944,5,Türkiye,9,Place
944,6,ye,1,Trash
944,7,getiriliyor,1,Trash
944,8,dFGUofuQ7u,1,Trash
945,1,İstanbul,9,Place
945,2,da,1,Trash
945,3,trafik,1,Trash
945,4,yoğunluğu,1,Trash
945,5,son,1,Trash
945,6,3,1,Trash
945,7,yılda,1,Trash
945,8,LdUn8C6f1l,1,Trash
945,9,Rd2Bv2xUVi,1,Trash
946,1,Benzin,1,Trash
946,2,motorine,1,Trash
946,3,yeni,1,Trash
946,4,zam,1,Trash
946,5,gündemde,1,Trash
946,6,4FEZ2GaPf6,1,Trash
946,7,BzQBiW5Olj,1,Trash
947,1,Milenyum,1,Trash
947,2,çocukları,1,Trash
947,3,24,5,Date
947,4,Haziran,5,Date
947,5,da,1,Trash
947,6,ilk,1,Trash
947,7,kez,1,Trash
947,8,sandık,1,Trash
947,9,başında,1,Trash
947,10,KMREibz9f0,1,Trash
947,11,g4d2pt5sIG,1,Trash
948,1,Oyuncu,1,Trash
948,2,Barış,3,Name
948,3,Atay,3,Name
948,4,gözaltına,1,Trash
948,5,alındı,1,Trash
948,6,2s0sOF5gKt,1,Trash
948,7,EcbofT4V1h,1,Trash
949,1,DEAŞ,1,Trash
949,2,ın,1,Trash
949,3,füzecisi,1,Trash
949,4,Adana,9,Place
949,5,da,1,Trash
949,6,atık,1,Trash
949,7,toplarken,1,Trash
949,8,yakalandı,1,Trash
949,9,2swbGZcaji,1,Trash
949,10,L4UsIt4SGH,1,Trash
950,1,Altın,1,Trash
950,2,kollu,1,Trash
950,3,adam,1,Trash
950,4,Kanıyla,1,Trash
950,5,milyonlarca,1,Trash
950,6,bebeği,1,Trash
950,7,kurtardı,1,Trash
950,8,fyKMxUie0X,1,Trash
950,9,RCwNkBgmG3,1,Trash
951,1,Dünyadaki,9,Place
951,2,bütün,1,Trash
951,3,ülkeleri,9,Place
951,4,en,1,Trash
951,5,kısa,1,Trash
951,6,sürede,1,Trash
951,7,gezerek,1,Trash
951,8,rekor,1,Trash
951,9,kırdı,1,Trash
951,10,CYKSXI07sx,1,Trash
951,11,Kxjjtzi10a,1,Trash
952,1,Dışişleri,6,Company
952,2,nden,1,Trash
952,3,İsrail,9,Place
952,4,İstanbul,9,Place
952,5,Başkonsolosu,8,Job
952,6,na,1,Trash
952,7,Ülkene,9,Place
952,8,dön,1,Trash
952,9,1TJYUHQqbA,1,Trash
952,10,g9uQBYvQCt,1,Trash
953,1,Nobel,2,Event/Activity
953,2,ödüllü,2,Event/Activity
953,3,bilim,8,Job
953,4,insanı,8,Job
953,5,Oruç,1,Trash
953,6,vücudun,1,Trash
953,7,yenilenmesini,1,Trash
953,8,sağlıyor,1,Trash
953,9,EhcIxlIyTA,1,Trash
953,10,RTJeltYCbi,1,Trash
954,1,SICAK,1,Trash
954,2,GELİŞME,1,Trash
954,3,DIŞİŞLERİ,6,Company
954,4,İSRAİL,9,Place
954,5,İN,1,Trash
954,6,İSTANBUL,9,Place
954,7,BAŞKONSOLOSUNUN,8,Job
954,8,ÜLKESİNE,9,Place
954,9,DÖNMESİ,1,Trash
954,10,İSTENDİ,1,Trash
955,1,Türkmen,1,Trash
955,2,lider,1,Trash
955,3,rallici,8,Job
955,4,oldu,1,Trash
955,5,Profesyonel,1,Trash
955,6,pilotu,8,Job
955,7,12,1,Trash
955,8,saniye,1,Trash
955,9,geçerek,1,Trash
955,10,galip,1,Trash
955,11,geldi,1,Trash
955,12,Z4l2muBbe6,1,Trash
955,13,EQu29W20gB,1,Trash
956,1,Konutta,1,Trash
956,2,indirim,1,Trash
956,3,kampanyası,2,Event/Activity
956,4,hf5uNJQJe2,1,Trash
956,5,mg5n4Wyc2U,1,Trash
957,1,Atatürk,6,Company
957,2,Lisesi,6,Company
957,3,nde,1,Trash
957,4,İzmir,1,Trash
957,5,Marşı,1,Trash
957,6,krizi,1,Trash
957,7,kJ7D0CKIH2,1,Trash
957,8,kop2BClMbU,1,Trash
958,1,Döviz,1,Trash
958,2,kuru,1,Trash
958,3,hurma,1,Trash
958,4,fiyatlarını,1,Trash
958,5,da,1,Trash
958,6,vurdu,1,Trash
958,7,4nFkbaXTGN,1,Trash
958,8,tA1ssLJUvA,1,Trash
959,1,23,1,Trash
959,2,dilde,1,Trash
959,3,konuşan,1,Trash
959,4,Robot,1,Trash
959,5,Elias,3,Name
959,6,Türkiye,1,Trash
959,7,de,1,Trash
959,8,qFWbo8NT2f,1,Trash
959,9,dVQ589Q1qq,1,Trash
960,1,Sokak,8,Job
960,2,sanatçısından,8,Job
960,3,Bitcoin,1,Trash
960,4,li,1,Trash
960,5,duvarlar,1,Trash
960,6,GjwgjJaov4,1,Trash
960,7,93O4VY9vFU,1,Trash
961,1,Şubat,5,Date
961,2,ayı,1,Trash
961,3,işsizlik,1,Trash
961,4,oranı,1,Trash
961,5,açıklandı,1,Trash
961,6,UB9qaOEMW8,1,Trash
961,7,yR7QCi7jWk,1,Trash
962,1,Noterlerde,6,Company
962,2,yeni,1,Trash
962,3,dönem,1,Trash
962,4,başlıyor,1,Trash
962,5,93qI4m9NIj,1,Trash
962,6,EuHf6Mbcae,1,Trash
963,1,Öğretmenlerden,8,Job
963,2,S,1,Trash
963,3,O,1,Trash
963,4,S,1,Trash
963,5,ekibi,1,Trash
963,6,kuruluyor,1,Trash
963,7,vy9Oq1cbdD,1,Trash
963,8,TA7FRI1tb4,1,Trash
964,1,Erzurum,4,Address
964,2,da,1,Trash
964,3,heyelan,1,Trash
964,4,Dağdan,9,Place
964,5,kopan,1,Trash
964,6,kayalar,1,Trash
964,7,panik,1,Trash
964,8,yarattı,1,Trash
964,9,apxDGtesRr,1,Trash
964,10,xtYHNK0saP,1,Trash
965,1,Okulda,9,Place
965,2,skandal,1,Trash
965,3,Kız,1,Trash
965,4,öğrencilere,1,Trash
965,5,cinsel,1,Trash
965,6,içerikli,1,Trash
965,7,film,1,Trash
965,8,izletip,1,Trash
965,9,istismarda,1,Trash
965,10,bulundu,1,Trash
965,11,IkzPfhD6ml,1,Trash
965,12,LX81K5pW3o,1,Trash
966,1,Yozgat,4,Address
966,2,ta,1,Trash
966,3,skandal,1,Trash
966,4,cinayet,1,Trash
966,5,30,1,Trash
966,6,yıllık,1,Trash
966,7,eşini,1,Trash
966,8,uykusunda,1,Trash
966,9,öldürdü,1,Trash
966,10,azN6iETCuA,1,Trash
966,11,2TQPTAQt9p,1,Trash
967,1,Site,1,Trash
967,2,sakinleri,1,Trash
967,3,fuhuş,1,Trash
967,4,iddiası,1,Trash
967,5,ile,1,Trash
967,6,ayaklandı,1,Trash
967,7,QP8kpBo32M,1,Trash
967,8,yrO7pBkx2M,1,Trash
968,1,Sivas,9,Place
968,2,ta,1,Trash
968,3,ilginç,1,Trash
968,4,olay,1,Trash
968,5,130,1,Trash
968,6,yıl,1,Trash
968,7,sonra,1,Trash
968,8,ilk,1,Trash
968,9,defa,1,Trash
968,10,gelin,1,Trash
968,11,verdiler,1,Trash
968,12,PaPo6HYaCk,1,Trash
968,13,31gGVpCOL6,1,Trash
969,1,Okan,3,Name
969,2,Bayülgen,3,Name
969,3,den,1,Trash
969,4,tiyatro,2,Event/Activity
969,5,oyunlarına,2,Event/Activity
969,6,milli,1,Trash
969,7,yas,1,Trash
969,8,ertelemesi,1,Trash
969,9,TYdVKIvBdZ,1,Trash
969,10,b65YvveePB,1,Trash
970,1,Ölüm,1,Trash
970,2,teğet,1,Trash
970,3,geçti,1,Trash
970,4,Saliselerle,1,Trash
970,5,kurtuldu,1,Trash
970,6,hCVdb5Mbmf,1,Trash
970,7,0GQrwI7JDc,1,Trash
971,1,Atatürk,6,Company
971,2,Havalimanı,6,Company
971,3,nda,1,Trash
971,4,seçim,1,Trash
971,5,hazırlıkları,1,Trash
971,6,başladı,1,Trash
971,7,SrA90PY6Vd,1,Trash
971,8,nh5UlmnSUx,1,Trash
972,1,Mardin,4,Address
972,2,de,1,Trash
972,3,PKK,1,Trash
972,4,KCK,1,Trash
972,5,operasyonu,1,Trash
972,6,12,1,Trash
972,7,gözaltı,1,Trash
972,8,3QTTQ8whUi,1,Trash
972,9,6proFnVODR,1,Trash
973,1,İstanbul,9,Place
973,2,da,1,Trash
973,3,DEAŞ,1,Trash
973,4,operasyonu,1,Trash
973,5,54,1,Trash
973,6,gözaltı,1,Trash
973,7,YTYnYOT036,1,Trash
973,8,wjdKkU8wfQ,1,Trash
974,1,İtirafçı,1,Trash
974,2,FETÖ,1,Trash
974,3,cü,1,Trash
974,4,açıkladı,1,Trash
974,5,Darbe,1,Trash
974,6,çağrısı,1,Trash
974,7,o,1,Trash
974,8,programdan,1,Trash
974,9,yapıldı,1,Trash
974,10,j25B49PisP,1,Trash
974,11,0VIgwm3QPW,1,Trash
975,1,FETÖ,1,Trash
975,2,elebaşı,1,Trash
975,3,için,1,Trash
975,4,yaptırılmıştı,1,Trash
975,5,Devlete,1,Trash
975,6,geçmesi,1,Trash
975,7,için,1,Trash
975,8,hazırlanan,1,Trash
975,9,iddianame,1,Trash
975,10,yBfd5CKqIL,1,Trash
975,11,ATywKtxmUU,1,Trash
976,1,Kılıçdaroğlu,3,Name
976,2,Kanlı,1,Trash
976,3,Pazartesi,1,Trash
976,4,unutacağımız,1,Trash
976,5,günlerden,1,Trash
976,6,biri,1,Trash
976,7,değil,1,Trash
976,8,zHYlhzn887,1,Trash
976,9,y9hyT2n5I2,1,Trash
977,1,İnce,3,Name
977,2,den,1,Trash
977,3,yeni,1,Trash
977,4,vaatler,1,Trash
977,5,Passolig,6,Company
977,6,kalkacak,1,Trash
977,7,ücretsiz,1,Trash
977,8,sağlık,1,Trash
977,9,her,1,Trash
977,10,eve,1,Trash
977,11,bir,1,Trash
977,12,bağış,1,Trash
977,13,zrQMZasJCB,1,Trash
977,14,pGcgycYWaQ,1,Trash
978,1,Cumhurbaşkanı,8,Job
978,2,Erdoğan,3,Name
978,3,dan,1,Trash
978,4,24,5,Date
978,5,Haziran,5,Date
978,6,sonrası,1,Trash
978,7,yanıtı,1,Trash
978,8,A,1,Trash
978,9,B,1,Trash
978,10,C,1,Trash
978,11,planlarımız,1,Trash
978,12,var,1,Trash
978,13,73wlAgcezF,1,Trash
978,14,97E2YSycpc,1,Trash
979,1,Yıldırım,3,Name
979,2,dan,1,Trash
979,3,İnce,3,Name
979,4,ye,1,Trash
979,5,Yeni,1,Trash
979,6,mi,1,Trash
979,7,aklına,1,Trash
979,8,geldi,1,Trash
979,9,eYIo1y1wSO,1,Trash
979,10,m7uL2nrGp4,1,Trash
980,1,CHP,6,Company
980,2,de,1,Trash
980,3,aday,1,Trash
980,4,mesaisi,1,Trash
980,5,İşte,1,Trash
980,6,sürpriz,1,Trash
980,7,adaylar,1,Trash
980,8,rpG9d3iZzX,1,Trash
980,9,clUxY6FCxs,1,Trash
981,1,Anlaşma,1,Trash
981,2,imzalandı,1,Trash
981,3,ABD,9,Place
981,4,deki,1,Trash
981,5,Zeugma,1,Trash
981,6,parçaları,1,Trash
981,7,Türkiye,9,Place
981,8,ye,1,Trash
981,9,getiriliyor,1,Trash
981,10,rV7nb4L1ag,1,Trash
981,11,uZ0s9EYEUP,1,Trash
982,1,Korkunç,1,Trash
982,2,ölüm,1,Trash
982,3,Selfie,1,Trash
982,4,uğruna,1,Trash
982,5,bebeklerinden,1,Trash
982,6,oldular,1,Trash
982,7,E9iFv3hGaZ,1,Trash
982,8,dACOPRcXzZ,1,Trash
983,1,SONDAKİKA,1,Trash
983,2,Cumhurbaşkanı,8,Job
983,3,Recep,3,Name
983,4,Tayyip,3,Name
983,5,Erdoğan,3,Name
983,6,Suudi,9,Place
983,7,Arabistan,9,Place
983,8,Kralı,8,Job
983,9,Selman,3,Name
983,10,bin,3,Name
983,11,Abdülaziz,3,Name
983,12,Al,3,Name
983,13,Suud,3,Name
983,14,ile,1,Trash
983,15,telefonla,1,Trash
983,16,görüştü,1,Trash
983,17,Görüşmede,1,Trash
983,18,Filistin,9,Place
983,19,deki,1,Trash
983,20,son,1,Trash
983,21,gelişmeler,1,Trash
983,22,ele,1,Trash
983,23,alındı,1,Trash
983,24,wGHGTgOonW,1,Trash
984,1,EPDK,6,Company
984,2,10,1,Trash
984,3,şirkete,1,Trash
984,4,lisans,1,Trash
984,5,verdi,1,Trash
984,6,hKYN5Q0a2u,1,Trash
984,7,d8HNkk2Ljs,1,Trash
985,1,Tayvan,9,Place
985,2,ın,1,Trash
985,3,eski,1,Trash
985,4,liderine,1,Trash
985,5,4,1,Trash
985,6,ay,1,Trash
985,7,hapis,1,Trash
985,8,cezası,1,Trash
985,9,HVBsrc0NYn,1,Trash
985,10,go5gTPDrho,1,Trash
986,1,Atatürk,9,Place
986,2,Havalimanı,9,Place
986,3,nda,1,Trash
986,4,trajik,1,Trash
986,5,son,1,Trash
986,6,Kanser,1,Trash
986,7,tedavisi,1,Trash
986,8,için,1,Trash
986,9,gidiyordu,1,Trash
986,10,w5Z4dlkBfE,1,Trash
986,11,9bsnta52og,1,Trash
987,1,NedirNeDeğildir,1,Trash
987,2,başladı,1,Trash
987,3,afsinyurdakul,11,ID
987,4,moderatörlüğünde,1,Trash
987,5,Ahmet_K_Han,11,ID
987,6,Arastirma,1,Trash
987,7,ersoyakif1,11,ID
987,8,konukları,1,Trash
987,9,ilterturan9,11,ID
987,10,cetiner_cetin,11,ID
987,11,7dY1QuWoWS,1,Trash
988,1,ÖSYM,6,Company
988,2,yayımladı,1,Trash
988,3,KPSS,2,Event/Activity
988,4,ye,1,Trash
988,5,girecekler,1,Trash
988,6,dikkat,1,Trash
988,7,yyJDRqamTF,1,Trash
988,8,MzUS8uCefM,1,Trash
989,1,O,1,Trash
989,2,ülkede,9,Place
989,3,ehliyetler,1,Trash
989,4,artık,1,Trash
989,5,cep,1,Trash
989,6,telefonunda,1,Trash
989,7,srHVoQbnw3,1,Trash
989,8,GVyQA23nZR,1,Trash
990,1,Şubat,5,Date
990,2,ayı,1,Trash
990,3,işsizlik,1,Trash
990,4,oranı,1,Trash
990,5,açıklandı,1,Trash
990,6,UB9qaOEMW8,1,Trash
990,7,MsdBaQE6M7,1,Trash
991,1,Donald,3,Name
991,2,Trump,3,Name
991,3,tan,1,Trash
991,4,ramazan,1,Trash
991,5,mesajı,1,Trash
991,6,Ri5nX8YQzg,1,Trash
991,7,yF7g7DYw7X,1,Trash
992,1,Öğretmenlerden,8,Job
992,2,S,1,Trash
992,3,O,1,Trash
992,4,S,1,Trash
992,5,ekibi,1,Trash
992,6,kuruluyor,1,Trash
992,7,vy9Oq1cbdD,1,Trash
992,8,WdRHEmRsna,1,Trash
993,1,Çanakkale,4,Address
993,2,de,1,Trash
993,3,göçmen,1,Trash
993,4,teknesi,1,Trash
993,5,battı,1,Trash
993,6,3,1,Trash
993,7,ü,1,Trash
993,8,çocuk,1,Trash
993,9,7,1,Trash
993,10,ölü,1,Trash
993,11,p5nd1MjGmv,1,Trash
993,12,N75K0kRycx,1,Trash
994,1,Erdoğan,3,Name
994,2,ile,1,Trash
994,3,May,3,Name
994,4,den,1,Trash
994,5,ortak,1,Trash
994,6,açıklama,1,Trash
994,7,ucjJHUNVsV,1,Trash
994,8,ymsZ0sF4cT,1,Trash
995,1,11,1,Trash
995,2,ayın,1,Trash
995,3,sultanı,1,Trash
995,4,Ramazan,1,Trash
995,5,geldi,1,Trash
995,6,İlk,1,Trash
995,7,sahura,1,Trash
995,8,kalkılacak,1,Trash
995,9,UHgRKJxCOi,1,Trash
995,10,G9qquSxTHk,1,Trash
996,1,NedirNeDeğildir,1,Trash
996,2,de,1,Trash
996,3,afsinyurdakul,11,ID
996,4,moderatörlüğünde,1,Trash
996,5,Ahmet_K_Han,11,ID
996,6,Arastirma,1,Trash
996,7,ersoyakif1,11,ID
996,8,konukları,1,Trash
996,9,ilterturan9,11,ID
996,10,cetiner_cetin,11,ID
996,11,1tuCdSkLfV,1,Trash
997,1,Dadı,8,Job
997,2,baktığı,1,Trash
997,3,iki,1,Trash
997,4,çocuğu,1,Trash
997,5,öldürdü,1,Trash
997,6,Mahkeme,6,Company
997,7,şeytan,1,Trash
997,8,diye,1,Trash
997,9,tanımladı,1,Trash
997,10,Yulke65wrR,1,Trash
997,11,syQ9VRY9Kv,1,Trash
998,1,Araç,1,Trash
998,2,sahiplerine,1,Trash
998,3,kötü,1,Trash
998,4,haber,1,Trash
998,5,Benzin,1,Trash
998,6,motorine,1,Trash
998,7,büyük,1,Trash
998,8,zam,1,Trash
998,9,8N1CKheeKg,1,Trash
998,10,ngSc8mnRJw,1,Trash
999,1,İstanbul,9,Place
999,2,da,1,Trash
999,3,trafik,1,Trash
999,4,yoğunluğu,1,Trash
999,5,son,1,Trash
999,6,3,1,Trash
999,7,yılda,1,Trash
999,8,LdUn8C6f1l,1,Trash
999,9,v4pRTVBtQv,1,Trash
1000,1,Kızına,1,Trash
1000,2,cinsel,1,Trash
1000,3,istismarda,1,Trash
1000,4,bulunup,1,Trash
1000,5,başka,1,Trash
1000,6,erkeklerle,1,Trash
1000,7,ilişkiye,1,Trash
1000,8,girmeye,1,Trash
1000,9,zorladı,1,Trash
1000,10,mo0BkFsWXa,1,Trash
1000,11,01mHRYNh90,1,Trash
1001,1,23,1,Trash
1001,2,dilde,1,Trash
1001,3,konuşan,1,Trash
1001,4,Robot,3,Name
1001,5,Elias,3,Name
1001,6,Türkiye,9,Place
1001,7,de,1,Trash
1001,8,qFWbo8NT2f,1,Trash
1001,9,3Vb3oOhy0P,1,Trash
1002,1,TekeTek,6,Company
1002,2,te,1,Trash
1002,3,FatihAltayli,11,ID
1002,4,nın,1,Trash
1002,5,konukları,1,Trash
1002,6,Prof,1,Trash
1002,7,Dr,1,Trash
1002,8,Erdinç,3,Name
1002,9,Yazıcı,3,Name
1002,10,murat_somer,11,ID
1002,11,Elif,3,Name
1002,12,Dördüncü,3,Name
1002,13,Aydemir,1,Trash
1002,14,mustafasenbd,11,ID
1002,15,WmjAdgqGli,1,Trash
1003,1,Atatürk,9,Place
1003,2,Havalimanı,9,Place
1003,3,nda,1,Trash
1003,4,seçim,1,Trash
1003,5,hazırlıkları,1,Trash
1003,6,başladı,1,Trash
1003,7,SrA90PY6Vd,1,Trash
1003,8,cOv4auXZWG,1,Trash
1004,1,Ölüm,1,Trash
1004,2,teğet,1,Trash
1004,3,geçti,1,Trash
1004,4,Saliselerle,1,Trash
1004,5,kurtuldu,1,Trash
1004,6,hCVdb5Mbmf,1,Trash
1004,7,az6KUfLZYd,1,Trash
1005,1,Milenyum,1,Trash
1005,2,çocukları,1,Trash
1005,3,24,5,Date
1005,4,Haziran,5,Date
1005,5,da,1,Trash
1005,6,ilk,1,Trash
1005,7,kez,1,Trash
1005,8,sandık,1,Trash
1005,9,başında,1,Trash
1005,10,KMREibz9f0,1,Trash
1005,11,XUQbP84Rp5,1,Trash
1006,1,Sivas,9,Place
1006,2,ta,1,Trash
1006,3,ilginç,1,Trash
1006,4,olay,1,Trash
1006,5,130,1,Trash
1006,6,yıl,1,Trash
1006,7,sonra,1,Trash
1006,8,ilk,1,Trash
1006,9,defa,1,Trash
1006,10,gelin,1,Trash
1006,11,verdiler,1,Trash
1006,12,PaPo6HYaCk,1,Trash
1006,13,SsCWJegyp0,1,Trash
1007,1,TekeTek,6,Company
1007,2,başladı,1,Trash
1007,3,FatihAltayli,11,ID
1007,4,nın,1,Trash
1007,5,konukları,1,Trash
1007,6,Prof,1,Trash
1007,7,Dr,1,Trash
1007,8,Erdinç,3,Name
1007,9,Yazıcı,3,Name
1007,10,murat_somer,11,ID
1007,11,Elif,3,Name
1007,12,Dördüncü,3,Name
1007,13,Aydemir,3,Name
1007,14,mustafasenbd,11,ID
1007,15,JBLEBg9Tl6,1,Trash
1008,1,Kılıçdaroğlu,3,Name
1008,2,Kanlı,1,Trash
1008,3,Pazartesi,1,Trash
1008,4,unutacağımız,1,Trash
1008,5,günlerden,1,Trash
1008,6,biri,1,Trash
1008,7,değil,1,Trash
1008,8,zHYlhzn887,1,Trash
1008,9,sCIecmLfvC,1,Trash
1009,1,Site,1,Trash
1009,2,sakinleri,1,Trash
1009,3,fuhuş,1,Trash
1009,4,iddiası,1,Trash
1009,5,ile,1,Trash
1009,6,ayaklandı,1,Trash
1009,7,QP8kpBo32M,1,Trash
1009,8,4QCiYF7xud,1,Trash
1010,1,Dünyadaki,9,Place
1010,2,bütün,1,Trash
1010,3,ülkeleri,9,Place
1010,4,en,1,Trash
1010,5,kısa,1,Trash
1010,6,sürede,1,Trash
1010,7,gezerek,1,Trash
1010,8,rekor,1,Trash
1010,9,kırdı,1,Trash
1010,10,CYKSXI07sx,1,Trash
1010,11,6gCk2dUlQg,1,Trash
1011,1,Türkmen,1,Trash
1011,2,lider,1,Trash
1011,3,rallici,8,Job
1011,4,oldu,1,Trash
1011,5,Profesyonel,1,Trash
1011,6,pilotu,8,Job
1011,7,12,1,Trash
1011,8,saniye,1,Trash
1011,9,geçerek,1,Trash
1011,10,galip,1,Trash
1011,11,geldi,1,Trash
1011,12,Z4l2muBbe6,1,Trash
1011,13,uqg7zdv9Dc,1,Trash
1012,1,İnce,3,Name
1012,2,den,1,Trash
1012,3,yeni,1,Trash
1012,4,vaatler,1,Trash
1012,5,Passolig,6,Company
1012,6,kalkacak,1,Trash
1012,7,ücretsiz,1,Trash
1012,8,sağlık,1,Trash
1012,9,her,1,Trash
1012,10,eve,1,Trash
1012,11,bir,1,Trash
1012,12,bağış,1,Trash
1012,13,zrQMZasJCB,1,Trash
1012,14,ZMMlZ69vxD,1,Trash
1013,1,Atatürk,6,Company
1013,2,Lisesi,6,Company
1013,3,nde,1,Trash
1013,4,İzmir,1,Trash
1013,5,Marşı,1,Trash
1013,6,krizi,1,Trash
1013,7,kJ7D0CKIH2,1,Trash
1013,8,TmMd1sqMWR,1,Trash
1014,1,Altın,1,Trash
1014,2,kollu,1,Trash
1014,3,adam,1,Trash
1014,4,Kanıyla,1,Trash
1014,5,milyonlarca,1,Trash
1014,6,bebeği,1,Trash
1014,7,kurtardı,1,Trash
1014,8,fyKMxUie0X,1,Trash
1014,9,r9MM994nk6,1,Trash
1015,1,İsrail,9,Place
1015,2,Ankara,9,Place
1015,3,Büyükelçisi,8,Job
1015,4,Dışişleri,6,Company
1015,5,Bakanlığı,6,Company
1015,6,na,1,Trash
1015,7,çağrıldı,1,Trash
1015,8,Ülkenize,9,Place
1015,9,dönün,1,Trash
1015,10,IajNsgBZEL,1,Trash
1015,11,J92sSZk6QH,1,Trash
1016,1,Konutta,1,Trash
1016,2,indirim,1,Trash
1016,3,kampanyası,1,Trash
1016,4,hf5uNJQJe2,1,Trash
1016,5,o8vCwVmwLn,1,Trash
1017,1,Yozgat,4,Address
1017,2,ta,1,Trash
1017,3,skandal,1,Trash
1017,4,cinayet,1,Trash
1017,5,30,1,Trash
1017,6,yıllık,1,Trash
1017,7,eşini,1,Trash
1017,8,uykusunda,1,Trash
1017,9,öldürdü,1,Trash
1017,10,azN6iETCuA,1,Trash
1017,11,b8sKBSctXL,1,Trash
1018,1,Sokak,8,Job
1018,2,sanatçısından,8,Job
1018,3,Bitcoin,1,Trash
1018,4,li,1,Trash
1018,5,duvarlar,1,Trash
1018,6,GjwgjJaov4,1,Trash
1018,7,0G57SOB3Mg,1,Trash
1019,1,TekeTek,6,Company
1019,2,te,1,Trash
1019,3,bu,1,Trash
1019,4,akşam,1,Trash
1019,5,20,5,Date
1019,6,0,5,Date
1019,7,de,1,Trash
1019,8,FatihAltayli,11,ID
1019,9,nın,1,Trash
1019,10,konukları,1,Trash
1019,11,Doç,1,Trash
1019,12,Dr,1,Trash
1019,13,Erdinç,3,Name
1019,14,Yazıcı,3,Name
1019,15,murat_somer,11,ID
1019,16,Elif,3,Name
1019,17,Dördüncü,3,Name
1019,18,Aydemir,3,Name
1019,19,mustafasenbd,11,ID
1019,20,TBAoPrs1l5,1,Trash
1020,1,FETÖ,1,Trash
1020,2,elebaşı,1,Trash
1020,3,için,1,Trash
1020,4,yaptırılmıştı,1,Trash
1020,5,Devlete,6,Company
1020,6,geçmesi,1,Trash
1020,7,için,1,Trash
1020,8,hazırlanan,1,Trash
1020,9,iddianame,1,Trash
1020,10,yBfd5CKqIL,1,Trash
1020,11,L8elEYoTYB,1,Trash
1021,1,NedirNeDeğildir,6,Company
1021,2,de,1,Trash
1021,3,afsinyurdakul,11,ID
1021,4,moderatörlüğünde,1,Trash
1021,5,Ahmet_K_Han,11,ID
1021,6,Arastirma,11,ID
1021,7,ersoyakif1,11,ID
1021,8,konukları,1,Trash
1021,9,ilterturan9,11,ID
1021,10,cetiner_cetin,11,ID
1021,11,GOYeAplGg8,1,Trash
1022,1,Noterlerde,6,Company
1022,2,yeni,1,Trash
1022,3,dönem,1,Trash
1022,4,başlıyor,1,Trash
1022,5,93qI4m9NIj,1,Trash
1022,6,AtogxfJEDV,1,Trash
1023,1,Okulda,1,Trash
1023,2,skandal,1,Trash
1023,3,Kız,1,Trash
1023,4,öğrencilere,1,Trash
1023,5,cinsel,1,Trash
1023,6,içerikli,1,Trash
1023,7,film,1,Trash
1023,8,izletip,1,Trash
1023,9,istismarda,1,Trash
1023,10,bulundu,1,Trash
1023,11,IkzPfhD6ml,1,Trash
1023,12,r2wgRnukI4,1,Trash
1024,1,Nobel,2,Event/Activity
1024,2,ödüllü,2,Event/Activity
1024,3,bilim,8,Job
1024,4,insanı,8,Job
1024,5,Oruç,2,Event/Activity
1024,6,vücudun,1,Trash
1024,7,yenilenmesini,1,Trash
1024,8,sağlıyor,1,Trash
1024,9,EhcIxlIyTA,1,Trash
1024,10,Z2pliKsbeL,1,Trash
1025,1,Tayvan,9,Place
1025,2,ın,1,Trash
1025,3,eski,1,Trash
1025,4,liderine,1,Trash
1025,5,4,1,Trash
1025,6,ay,1,Trash
1025,7,hapis,1,Trash
1025,8,cezası,1,Trash
1025,9,HVBsrc0NYn,1,Trash
1025,10,ehWcFkkQiR,1,Trash
1026,1,Öğretmenlerden,8,Job
1026,2,S,1,Trash
1026,3,O,1,Trash
1026,4,S,1,Trash
1026,5,ekibi,1,Trash
1026,6,kuruluyor,1,Trash
1026,7,vy9Oq1cbdD,1,Trash
1026,8,BaqaGVCm2d,1,Trash
1027,1,Demirtaş,3,Name
1027,2,için,1,Trash
1027,3,tahliye,1,Trash
1027,4,başvurusu,1,Trash
1027,5,AoZU3ESkRf,1,Trash
1027,6,fmA69o9ckO,1,Trash
1028,1,Atatürk,9,Place
1028,2,Havalimanı,9,Place
1028,3,nda,1,Trash
1028,4,trajik,1,Trash
1028,5,son,1,Trash
1028,6,Kanser,1,Trash
1028,7,tedavisi,1,Trash
1028,8,için,1,Trash
1028,9,gidiyordu,1,Trash
1028,10,w5Z4dlkBfE,1,Trash
1028,11,a3hE6N2hW2,1,Trash
1029,1,Döviz,1,Trash
1029,2,kuru,1,Trash
1029,3,hurma,1,Trash
1029,4,fiyatlarını,1,Trash
1029,5,da,1,Trash
1029,6,vurdu,1,Trash
1029,7,4nFkbaXTGN,1,Trash
1029,8,IbnsWMYNHW,1,Trash
1030,1,Çanakkale,4,Address
1030,2,de,1,Trash
1030,3,göçmen,1,Trash
1030,4,teknesi,1,Trash
1030,5,battı,1,Trash
1030,6,3,1,Trash
1030,7,ü,1,Trash
1030,8,çocuk,1,Trash
1030,9,7,1,Trash
1030,10,ölü,1,Trash
1030,11,p5nd1MjGmv,1,Trash
1030,12,D6ZVyhYyzz,1,Trash
1031,1,Anlaşma,1,Trash
1031,2,imzalandı,1,Trash
1031,3,ABD,9,Place
1031,4,deki,1,Trash
1031,5,Zeugma,1,Trash
1031,6,parçaları,1,Trash
1031,7,Türkiye,9,Place
1031,8,ye,1,Trash
1031,9,getiriliyor,1,Trash
1031,10,rV7nb4L1ag,1,Trash
1031,11,iQb8BW8LYS,1,Trash
1032,1,Cumhurbaşkanı,8,Job
1032,2,Erdoğan,3,Name
1032,3,dan,1,Trash
1032,4,24,5,Date
1032,5,Haziran,5,Date
1032,6,sonrası,1,Trash
1032,7,yanıtı,1,Trash
1032,8,A,1,Trash
1032,9,B,1,Trash
1032,10,C,1,Trash
1032,11,planlarımız,1,Trash
1032,12,var,1,Trash
1032,13,73wlAgcezF,1,Trash
1032,14,3N9YdSomy2,1,Trash
1033,1,ÖSYM,6,Company
1033,2,yayımladı,1,Trash
1033,3,KPSS,2,Event/Activity
1033,4,ye,1,Trash
1033,5,girecekler,1,Trash
1033,6,dikkat,1,Trash
1033,7,yyJDRqamTF,1,Trash
1033,8,1YGLP2HMBd,1,Trash
1034,1,İtirafçı,1,Trash
1034,2,FETÖ,1,Trash
1034,3,cü,1,Trash
1034,4,açıkladı,1,Trash
1034,5,Darbe,1,Trash
1034,6,çağrısı,1,Trash
1034,7,o,1,Trash
1034,8,programdan,1,Trash
1034,9,yapıldı,1,Trash
1034,10,j25B49PisP,1,Trash
1034,11,9tAoyiM3T8,1,Trash
1035,1,Korkunç,1,Trash
1035,2,ölüm,1,Trash
1035,3,Selfie,1,Trash
1035,4,uğruna,1,Trash
1035,5,bebeklerinden,1,Trash
1035,6,oldular,1,Trash
1035,7,E9iFv3hGaZ,1,Trash
1035,8,yVH0NenqSk,1,Trash
1036,1,SON,1,Trash
1036,2,DAKİKA,1,Trash
1036,3,ERDOĞAN,3,Name
1036,4,DAN,1,Trash
1036,5,NETANYAHU,3,Name
1036,6,YA,1,Trash
1036,7,TEPKİ,1,Trash
1036,8,ERDOĞAN,3,Name
1036,9,İNSANLIK,1,Trash
1036,10,ÜZERİNE,1,Trash
1036,11,DERS,1,Trash
1036,12,Mİ,1,Trash
1036,13,İSTİYORSUN,1,Trash
1036,14,10,1,Trash
1036,15,EMRİ,1,Trash
1036,16,OKU,1,Trash
1037,1,SON,1,Trash
1037,2,DAKİKA,1,Trash
1037,3,KUDÜS,9,Place
1037,4,KATLİAMINA,2,Event/Activity
1037,5,TEPKİ,1,Trash
1037,6,ERDOĞAN,3,Name
1037,7,NETANYAHU,3,Name
1037,8,SUÇLARINI,1,Trash
1037,9,TÜRKİYE,9,Place
1037,10,YE,1,Trash
1037,11,SALDIRARAK,1,Trash
1037,12,ÖRTEMEZ,1,Trash
1038,1,SONDAKİKA,1,Trash
1038,2,KUDÜS,9,Place
1038,3,KATLİAMINA,2,Event/Activity
1038,4,TEPKİ,1,Trash
1038,5,Cumhurbaşkanı,8,Job
1038,6,Erdoğan,3,Name
1038,7,Netanyahu,3,Name
1038,8,suçlarını,1,Trash
1038,9,Türkiye,9,Place
1038,10,ye,1,Trash
1038,11,saldırarak,1,Trash
1038,12,örtemez,1,Trash
1038,13,Netanyahu,3,Name
1038,14,nun,1,Trash
1038,15,ellerinde,1,Trash
1038,16,Filistinlilerin,1,Trash
1038,17,kanı,1,Trash
1038,18,var,1,Trash
1038,19,MBEYFX1Wxs,1,Trash
1039,1,O,1,Trash
1039,2,ülkede,9,Place
1039,3,ehliyetler,1,Trash
1039,4,artık,1,Trash
1039,5,cep,1,Trash
1039,6,telefonunda,1,Trash
1039,7,srHVoQbnw3,1,Trash
1039,8,X1pgIkKP11,1,Trash
1040,1,Yıldırım,3,Name
1040,2,dan,1,Trash
1040,3,İnce,3,Name
1040,4,ye,1,Trash
1040,5,Yeni,1,Trash
1040,6,mi,1,Trash
1040,7,aklına,1,Trash
1040,8,geldi,1,Trash
1040,9,eYIo1y1wSO,1,Trash
1040,10,alXtWKMfY9,1,Trash
1041,1,11,1,Trash
1041,2,ayın,1,Trash
1041,3,sultanı,1,Trash
1041,4,Ramazan,1,Trash
1041,5,geldi,1,Trash
1041,6,İlk,1,Trash
1041,7,sahura,2,Event/Activity
1041,8,kalkılacak,1,Trash
1041,9,UHgRKJxCOi,1,Trash
1041,10,XWHJY2p5OX,1,Trash
1042,1,İstanbul,4,Address
1042,2,da,1,Trash
1042,3,DEAŞ,2,Event/Activity
1042,4,operasyonu,2,Event/Activity
1042,5,54,1,Trash
1042,6,gözaltı,1,Trash
1042,7,YTYnYOT036,1,Trash
1042,8,aenZis7Ars,1,Trash
1043,1,Dadı,8,Job
1043,2,baktığı,1,Trash
1043,3,iki,1,Trash
1043,4,çocuğu,1,Trash
1043,5,öldürdü,1,Trash
1043,6,Mahkeme,6,Company
1043,7,şeytan,1,Trash
1043,8,diye,1,Trash
1043,9,tanımladı,1,Trash
1043,10,Yulke65wrR,1,Trash
1043,11,axqVYfsOHP,1,Trash
1044,1,EPDK,6,Company
1044,2,10,1,Trash
1044,3,şirkete,1,Trash
1044,4,lisans,1,Trash
1044,5,verdi,1,Trash
1044,6,hKYN5Q0a2u,1,Trash
1044,7,pKwUdhasxB,1,Trash
